[{"fid":17,"tkoff_name":"saint martin de londres","tkoff_icao":"LFNL"},{"fid":175,"tkoff_name":"saint martin de londres","tkoff_icao":"LFNL"},{"fid":210,"tkoff_name":"saint martin de londres","tkoff_icao":"LFNL"},{"fid":211,"tkoff_name":"saint martin de londres","tkoff_icao":"LFNL"},{"fid":339,"tkoff_name":"chateau arnoux saint auban","tkoff_icao":"LFMX"},{"fid":345,"tkoff_name":"chateau arnoux saint auban","tkoff_icao":"LFMX"},{"fid":3361,"tkoff_name":"chateau arnoux saint auban","tkoff_icao":"LFMX"},{"fid":3380,"tkoff_name":"chateau arnoux saint auban","tkoff_icao":"LFMX"},{"fid":3381,"tkoff_name":"chateau arnoux saint auban","tkoff_icao":"LFMX"},{"fid":3428,"tkoff_name":"chateau arnoux saint auban","tkoff_icao":"LFMX"},{"fid":3447,"tkoff_name":"chateau arnoux saint auban","tkoff_icao":"LFMX"},{"fid":3477,"tkoff_name":"chateau arnoux saint auban","tkoff_icao":"LFMX"},{"fid":3482,"tkoff_name":"chateau arnoux saint auban","tkoff_icao":"LFMX"},{"fid":3483,"tkoff_name":"chateau arnoux saint auban","tkoff_icao":"LFMX"},{"fid":3506,"tkoff_name":"chateau arnoux saint auban","tkoff_icao":"LFMX"},{"fid":3508,"tkoff_name":"chateau arnoux saint auban","tkoff_icao":"LFMX"},{"fid":3553,"tkoff_name":"chateau arnoux saint auban","tkoff_icao":"LFMX"},{"fid":3554,"tkoff_name":"chateau arnoux saint auban","tkoff_icao":"LFMX"},{"fid":3557,"tkoff_name":"chateau arnoux saint auban","tkoff_icao":"LFMX"},{"fid":3558,"tkoff_name":"valence chabeuil","tkoff_icao":"LFLU"},{"fid":3570,"tkoff_name":"chateau arnoux saint auban","tkoff_icao":"LFMX"},{"fid":3624,"tkoff_name":"valence chabeuil","tkoff_icao":"LFLU"},{"fid":4887,"tkoff_name":"mantes cherence","tkoff_icao":"LFFC"},{"fid":4888,"tkoff_name":"tarbes laloubere","tkoff_icao":"LFDT"},{"fid":4892,"tkoff_name":"tarbes laloubere","tkoff_icao":"LFDT"},{"fid":4903,"tkoff_name":"mantes cherence","tkoff_icao":"LFFC"},{"fid":4949,"tkoff_name":"mantes cherence","tkoff_icao":"LFFC"},{"fid":4952,"tkoff_name":"chateau arnoux saint auban","tkoff_icao":"LFMX"},{"fid":4966,"tkoff_name":"chateau arnoux saint auban","tkoff_icao":"LFMX"},{"fid":5009,"tkoff_name":"buno bonnevaux","tkoff_icao":"LFFB"},{"fid":5042,"tkoff_name":"buno bonnevaux","tkoff_icao":"LFFB"},{"fid":5067,"tkoff_name":"chateau arnoux saint auban","tkoff_icao":"LFMX"},{"fid":5203,"tkoff_name":"chateau arnoux saint auban","tkoff_icao":"LFMX"},{"fid":6092,"tkoff_name":"toulouse bourg saint bernard","tkoff_icao":"LFIT"},{"fid":6108,"tkoff_name":"toulouse bourg saint bernard","tkoff_icao":"LFIT"},{"fid":6145,"tkoff_name":"chateau arnoux saint auban","tkoff_icao":"LFMX"},{"fid":6154,"tkoff_name":"chateau arnoux saint auban","tkoff_icao":"LFMX"},{"fid":6537,"tkoff_name":"chateau arnoux saint auban","tkoff_icao":"LFMX"},{"fid":6549,"tkoff_name":"chateau arnoux saint auban","tkoff_icao":"LFMX"},{"fid":6792,"tkoff_name":"chateau arnoux saint auban","tkoff_icao":"LFMX"},{"fid":6839,"tkoff_name":"chateau arnoux saint auban","tkoff_icao":"LFMX"},{"fid":6982,"tkoff_name":"mont dauphin saint crepin","tkoff_icao":"LFNC"},{"fid":7371,"tkoff_name":"chateau arnoux saint auban","tkoff_icao":"LFMX"},{"fid":7383,"tkoff_name":"chateau arnoux saint auban","tkoff_icao":"LFMX"},{"fid":7427,"tkoff_name":"niort marais poitevin","tkoff_icao":"LFBN"},{"fid":7506,"tkoff_name":"fontenay le comte","tkoff_icao":"LFFK"},{"fid":7868,"tkoff_name":"sisteron vaumeilh","tkoff_icao":"LFNS"},{"fid":7893,"tkoff_name":"mont dauphin saint crepin","tkoff_icao":"LFNC"},{"fid":8042,"tkoff_name":"valence chabeuil","tkoff_icao":"LFLU"},{"fid":8311,"tkoff_name":"chateau arnoux saint auban","tkoff_icao":"LFMX"},{"fid":9947,"tkoff_name":"grenoble le versoud","tkoff_icao":"LFLG"},{"fid":9987,"tkoff_name":"chambery challes les eaux","tkoff_icao":"LFLE"},{"fid":10526,"tkoff_name":"aire sur l adour","tkoff_icao":"LFDA"},{"fid":10538,"tkoff_name":"aire sur l adour","tkoff_icao":"LFDA"},{"fid":10538,"tkoff_name":"aire sur l adour","tkoff_icao":"LFDA"},{"fid":10640,"tkoff_name":"aire sur l adour","tkoff_icao":"LFDA"},{"fid":10692,"tkoff_name":"valence chabeuil","tkoff_icao":"LFLU"},{"fid":10759,"tkoff_name":"valenciennes centre hospitalier","tkoff_icao":""},{"fid":10766,"tkoff_name":"valenciennes centre hospitalier","tkoff_icao":""},{"fid":11044,"tkoff_name":"aire sur l adour","tkoff_icao":"LFDA"},{"fid":11049,"tkoff_name":"aire sur l adour","tkoff_icao":"LFDA"},{"fid":11181,"tkoff_name":"aire sur l adour","tkoff_icao":"LFDA"},{"fid":11187,"tkoff_name":"aire sur l adour","tkoff_icao":"LFDA"},{"fid":11187,"tkoff_name":"aire sur l adour","tkoff_icao":"LFDA"},{"fid":11218,"tkoff_name":"aire sur l adour","tkoff_icao":"LFDA"},{"fid":11248,"tkoff_name":"aire sur l adour","tkoff_icao":"LFDA"},{"fid":11292,"tkoff_name":"carpentras","tkoff_icao":"LFNH"},{"fid":11518,"tkoff_name":"aire sur l adour","tkoff_icao":"LFDA"},{"fid":11524,"tkoff_name":"aire sur l adour","tkoff_icao":"LFDA"},{"fid":11525,"tkoff_name":"aire sur l adour","tkoff_icao":"LFDA"},{"fid":11619,"tkoff_name":"aire sur l adour","tkoff_icao":"LFDA"},{"fid":11632,"tkoff_name":"aire sur l adour","tkoff_icao":"LFDA"},{"fid":11632,"tkoff_name":"aire sur l adour","tkoff_icao":"LFDA"},{"fid":11636,"tkoff_name":"aire sur l adour","tkoff_icao":"LFDA"},{"fid":11663,"tkoff_name":"issoudun le fay","tkoff_icao":"LFEK"},{"fid":11677,"tkoff_name":"aire sur l adour","tkoff_icao":"LFDA"},{"fid":11767,"tkoff_name":"aire sur l adour","tkoff_icao":"LFDA"},{"fid":11769,"tkoff_name":"aire sur l adour","tkoff_icao":"LFDA"},{"fid":11878,"tkoff_name":"sedan douzy","tkoff_icao":"LFSJ"},{"fid":11883,"tkoff_name":"aire sur l adour","tkoff_icao":"LFDA"},{"fid":11885,"tkoff_name":"aire sur l adour","tkoff_icao":"LFDA"},{"fid":11885,"tkoff_name":"aire sur l adour","tkoff_icao":"LFDA"},{"fid":11912,"tkoff_name":"aire sur l adour","tkoff_icao":"LFDA"},{"fid":11924,"tkoff_name":"sedan douzy","tkoff_icao":"LFSJ"},{"fid":11928,"tkoff_name":"issoudun le fay","tkoff_icao":"LFEK"},{"fid":12077,"tkoff_name":"aire sur l adour","tkoff_icao":"LFDA"},{"fid":12234,"tkoff_name":"aire sur l adour","tkoff_icao":"LFDA"},{"fid":13235,"tkoff_name":"vinon","tkoff_icao":"LFNF"},{"fid":13236,"tkoff_name":"vinon","tkoff_icao":"LFNF"},{"fid":13426,"tkoff_name":"moret episy","tkoff_icao":"LFPU"},{"fid":13429,"tkoff_name":"chartres metropole","tkoff_icao":"LFOR"},{"fid":13471,"tkoff_name":"moret episy","tkoff_icao":"LFPU"},{"fid":13482,"tkoff_name":"romans saint paul","tkoff_icao":"LFHE"},{"fid":13498,"tkoff_name":"vinon","tkoff_icao":"LFNF"},{"fid":13536,"tkoff_name":"chartres metropole","tkoff_icao":"LFOR"},{"fid":13537,"tkoff_name":"romans saint paul","tkoff_icao":"LFHE"},{"fid":13558,"tkoff_name":"aire sur l adour","tkoff_icao":"LFDA"},{"fid":13659,"tkoff_name":"saint martin de londres","tkoff_icao":"LFNL"},{"fid":13694,"tkoff_name":"carpentras","tkoff_icao":"LFNH"},{"fid":13718,"tkoff_name":"saint martin de londres","tkoff_icao":"LFNL"},{"fid":13823,"tkoff_name":"aire sur l adour","tkoff_icao":"LFDA"},{"fid":13946,"tkoff_name":"bagneres de luchon","tkoff_icao":"LFCB"},{"fid":14036,"tkoff_name":"bagneres de luchon","tkoff_icao":"LFCB"},{"fid":14168,"tkoff_name":"fayence","tkoff_icao":"LFMF"},{"fid":14188,"tkoff_name":"salmbach","tkoff_icao":""},{"fid":14199,"tkoff_name":"chambery challes les eaux","tkoff_icao":"LFLE"},{"fid":14301,"tkoff_name":"lille marcq en baroeul","tkoff_icao":"LFQO"},{"fid":14372,"tkoff_name":"salmbach","tkoff_icao":""},{"fid":14654,"tkoff_name":"buno bonnevaux","tkoff_icao":"LFFB"},{"fid":14661,"tkoff_name":"buno bonnevaux","tkoff_icao":"LFFB"},{"fid":14863,"tkoff_name":"villefranche tarare","tkoff_icao":"LFHV"},{"fid":14885,"tkoff_name":"villefranche tarare","tkoff_icao":"LFHV"},{"fid":15012,"tkoff_name":"chambery challes les eaux","tkoff_icao":"LFLE"},{"fid":15018,"tkoff_name":"chambery challes les eaux","tkoff_icao":"LFLE"},{"fid":15019,"tkoff_name":"chambery challes les eaux","tkoff_icao":"LFLE"},{"fid":15112,"tkoff_name":"buno bonnevaux","tkoff_icao":"LFFB"},{"fid":15188,"tkoff_name":"fayence","tkoff_icao":"LFMF"},{"fid":15189,"tkoff_name":"mantes cherence","tkoff_icao":"LFFC"},{"fid":15793,"tkoff_name":"romorantin pruniers","tkoff_icao":"LFYR"},{"fid":15839,"tkoff_name":"romorantin pruniers","tkoff_icao":"LFYR"},{"fid":15953,"tkoff_name":"romorantin pruniers","tkoff_icao":"LFYR"},{"fid":16073,"tkoff_name":"fayence","tkoff_icao":"LFMF"},{"fid":16075,"tkoff_name":"fayence","tkoff_icao":"LFMF"},{"fid":16135,"tkoff_name":"romorantin pruniers","tkoff_icao":"LFYR"},{"fid":16138,"tkoff_name":"mantes cherence","tkoff_icao":"LFFC"},{"fid":16153,"tkoff_name":"mantes cherence","tkoff_icao":"LFFC"},{"fid":16212,"tkoff_name":"lille marcq en baroeul","tkoff_icao":"LFQO"},{"fid":16287,"tkoff_name":"joinville mussey","tkoff_icao":"LFFJ"},{"fid":16288,"tkoff_name":"joinville mussey","tkoff_icao":"LFFJ"},{"fid":16392,"tkoff_name":"romorantin pruniers","tkoff_icao":"LFYR"},{"fid":16443,"tkoff_name":"romorantin pruniers","tkoff_icao":"LFYR"},{"fid":16450,"tkoff_name":"romorantin pruniers","tkoff_icao":"LFYR"},{"fid":16521,"tkoff_name":"romorantin pruniers","tkoff_icao":"LFYR"},{"fid":17510,"tkoff_name":"romorantin pruniers","tkoff_icao":"LFYR"},{"fid":17510,"tkoff_name":"romorantin pruniers","tkoff_icao":"LFYR"},{"fid":17577,"tkoff_name":"romorantin pruniers","tkoff_icao":"LFYR"},{"fid":17642,"tkoff_name":"romorantin pruniers","tkoff_icao":"LFYR"},{"fid":17646,"tkoff_name":"romorantin pruniers","tkoff_icao":"LFYR"},{"fid":17649,"tkoff_name":"romorantin pruniers","tkoff_icao":"LFYR"},{"fid":17695,"tkoff_name":"romorantin pruniers","tkoff_icao":"LFYR"},{"fid":17748,"tkoff_name":"romorantin pruniers","tkoff_icao":"LFYR"},{"fid":17750,"tkoff_name":"romorantin pruniers","tkoff_icao":"LFYR"},{"fid":17976,"tkoff_name":"romorantin pruniers","tkoff_icao":"LFYR"},{"fid":18198,"tkoff_name":"romorantin pruniers","tkoff_icao":"LFYR"},{"fid":18223,"tkoff_name":"barcelonnette saint pons","tkoff_icao":"LFMR"},{"fid":18564,"tkoff_name":"toulouse bourg saint bernard","tkoff_icao":"LFIT"},{"fid":18590,"tkoff_name":"graulhet montdragon","tkoff_icao":"LFCQ"},{"fid":18709,"tkoff_name":"barcelonnette saint pons","tkoff_icao":"LFMR"},{"fid":19146,"tkoff_name":"buno bonnevaux","tkoff_icao":"LFFB"},{"fid":20306,"tkoff_name":"buno bonnevaux","tkoff_icao":"LFFB"},{"fid":20804,"tkoff_name":"mantes cherence","tkoff_icao":"LFFC"},{"fid":20818,"tkoff_name":"mantes cherence","tkoff_icao":"LFFC"},{"fid":20918,"tkoff_name":"poitiers biard","tkoff_icao":"LFBI"},{"fid":20925,"tkoff_name":"poitiers biard","tkoff_icao":"LFBI"},{"fid":21575,"tkoff_name":"sarreguemines neunkirch","tkoff_icao":"LFGU"},{"fid":21666,"tkoff_name":"sarreguemines neunkirch","tkoff_icao":"LFGU"},{"fid":21707,"tkoff_name":"salmbach","tkoff_icao":""},{"fid":21794,"tkoff_name":"chambery challes les eaux","tkoff_icao":"LFLE"},{"fid":22029,"tkoff_name":"chambery challes les eaux","tkoff_icao":"LFLE"},{"fid":22033,"tkoff_name":"la roche sur yon les ajoncs","tkoff_icao":"LFRI"},{"fid":22034,"tkoff_name":"la roche sur yon les ajoncs","tkoff_icao":"LFRI"},{"fid":22124,"tkoff_name":"mantes cherence","tkoff_icao":"LFFC"},{"fid":22152,"tkoff_name":"mantes cherence","tkoff_icao":"LFFC"},{"fid":22526,"tkoff_name":"salmbach","tkoff_icao":""},{"fid":22827,"tkoff_name":"salmbach","tkoff_icao":""},{"fid":22832,"tkoff_name":"salmbach","tkoff_icao":""},{"fid":22949,"tkoff_name":"buno bonnevaux","tkoff_icao":"LFFB"},{"fid":22968,"tkoff_name":"buno bonnevaux","tkoff_icao":"LFFB"},{"fid":23033,"tkoff_name":"colmar houssen","tkoff_icao":"LFGA"},{"fid":23057,"tkoff_name":"marmande virazeil","tkoff_icao":"LFDM"},{"fid":23064,"tkoff_name":"marmande virazeil","tkoff_icao":"LFDM"},{"fid":23478,"tkoff_name":"moulins montbeugny","tkoff_icao":"LFHY"},{"fid":23481,"tkoff_name":"moulins montbeugny","tkoff_icao":"LFHY"},{"fid":23609,"tkoff_name":"colmar houssen","tkoff_icao":"LFGA"},{"fid":23704,"tkoff_name":"moret episy","tkoff_icao":"LFPU"},{"fid":23760,"tkoff_name":"mont dauphin saint crepin","tkoff_icao":"LFNC"},{"fid":23777,"tkoff_name":"moret episy","tkoff_icao":"LFPU"},{"fid":23912,"tkoff_name":"mantes cherence","tkoff_icao":"LFFC"},{"fid":23920,"tkoff_name":"mantes cherence","tkoff_icao":"LFFC"},{"fid":23977,"tkoff_name":"mantes cherence","tkoff_icao":"LFFC"},{"fid":24017,"tkoff_name":"mont dauphin saint crepin","tkoff_icao":"LFNC"},{"fid":24024,"tkoff_name":"mantes cherence","tkoff_icao":"LFFC"},{"fid":24026,"tkoff_name":"mantes cherence","tkoff_icao":"LFFC"},{"fid":24070,"tkoff_name":"mantes cherence","tkoff_icao":"LFFC"},{"fid":24070,"tkoff_name":"mantes cherence","tkoff_icao":"LFFC"},{"fid":24071,"tkoff_name":"mantes cherence","tkoff_icao":"LFFC"},{"fid":24072,"tkoff_name":"mantes cherence","tkoff_icao":"LFFC"},{"fid":24073,"tkoff_name":"mantes cherence","tkoff_icao":"LFFC"},{"fid":24073,"tkoff_name":"mantes cherence","tkoff_icao":"LFFC"},{"fid":24076,"tkoff_name":"mantes cherence","tkoff_icao":"LFFC"},{"fid":24082,"tkoff_name":"mantes cherence","tkoff_icao":"LFFC"},{"fid":24082,"tkoff_name":"mantes cherence","tkoff_icao":"LFFC"},{"fid":24128,"tkoff_name":"mantes cherence","tkoff_icao":"LFFC"},{"fid":24128,"tkoff_name":"mantes cherence","tkoff_icao":"LFFC"},{"fid":24267,"tkoff_name":"mantes cherence","tkoff_icao":"LFFC"},{"fid":24274,"tkoff_name":"mantes cherence","tkoff_icao":"LFFC"},{"fid":24291,"tkoff_name":"mantes cherence","tkoff_icao":"LFFC"},{"fid":24300,"tkoff_name":"mantes cherence","tkoff_icao":"LFFC"},{"fid":24301,"tkoff_name":"roanne","tkoff_icao":"LFLO"},{"fid":24303,"tkoff_name":"roanne","tkoff_icao":"LFLO"},{"fid":24315,"tkoff_name":"mantes cherence","tkoff_icao":"LFFC"},{"fid":24349,"tkoff_name":"mantes cherence","tkoff_icao":"LFFC"},{"fid":24349,"tkoff_name":"mantes cherence","tkoff_icao":"LFFC"},{"fid":24363,"tkoff_name":"mantes cherence","tkoff_icao":"LFFC"},{"fid":24375,"tkoff_name":"mantes cherence","tkoff_icao":"LFFC"},{"fid":24379,"tkoff_name":"grenoble le versoud","tkoff_icao":"LFLG"},{"fid":24385,"tkoff_name":"mantes cherence","tkoff_icao":"LFFC"},{"fid":24419,"tkoff_name":"grenoble le versoud","tkoff_icao":"LFLG"},{"fid":24442,"tkoff_name":"tours le louroux","tkoff_icao":"LFJT"},{"fid":24493,"tkoff_name":"vinon","tkoff_icao":"LFNF"},{"fid":24508,"tkoff_name":"chambery challes les eaux","tkoff_icao":"LFLE"},{"fid":24561,"tkoff_name":"mantes cherence","tkoff_icao":"LFFC"},{"fid":24633,"tkoff_name":"tours le louroux","tkoff_icao":"LFJT"},{"fid":24663,"tkoff_name":"mont dauphin saint crepin","tkoff_icao":"LFNC"},{"fid":24668,"tkoff_name":"fayence","tkoff_icao":"LFMF"},{"fid":24690,"tkoff_name":"chateau arnoux saint auban","tkoff_icao":"LFMX"},{"fid":24731,"tkoff_name":"mantes cherence","tkoff_icao":"LFFC"},{"fid":24765,"tkoff_name":"chateau arnoux saint auban","tkoff_icao":"LFMX"},{"fid":24768,"tkoff_name":"chateau arnoux saint auban","tkoff_icao":"LFMX"},{"fid":24787,"tkoff_name":"chambery challes les eaux","tkoff_icao":"LFLE"},{"fid":24796,"tkoff_name":"romans saint paul","tkoff_icao":"LFHE"},{"fid":24921,"tkoff_name":"mantes cherence","tkoff_icao":"LFFC"},{"fid":25007,"tkoff_name":"arras roclincourt","tkoff_icao":"LFQD"},{"fid":25030,"tkoff_name":"haguenau","tkoff_icao":"LFSH"},{"fid":25051,"tkoff_name":"breuilpont","tkoff_icao":""},{"fid":25065,"tkoff_name":"romans saint paul","tkoff_icao":"LFHE"},{"fid":25069,"tkoff_name":"chambery challes les eaux","tkoff_icao":"LFLE"},{"fid":25073,"tkoff_name":"chambery challes les eaux","tkoff_icao":"LFLE"},{"fid":25076,"tkoff_name":"chambery challes les eaux","tkoff_icao":"LFLE"},{"fid":25189,"tkoff_name":"moret episy","tkoff_icao":"LFPU"},{"fid":25206,"tkoff_name":"moret episy","tkoff_icao":"LFPU"},{"fid":25223,"tkoff_name":"moret episy","tkoff_icao":"LFPU"},{"fid":25223,"tkoff_name":"moret episy","tkoff_icao":"LFPU"},{"fid":25246,"tkoff_name":"moret episy","tkoff_icao":"LFPU"},{"fid":25269,"tkoff_name":"arras roclincourt","tkoff_icao":"LFQD"},{"fid":25306,"tkoff_name":"haguenau","tkoff_icao":"LFSH"},{"fid":25438,"tkoff_name":"chateau arnoux saint auban","tkoff_icao":"LFMX"},{"fid":25503,"tkoff_name":"mantes cherence","tkoff_icao":"LFFC"},{"fid":25909,"tkoff_name":"bourges","tkoff_icao":"LFLD"},{"fid":25916,"tkoff_name":"poitiers biard","tkoff_icao":"LFBI"},{"fid":25971,"tkoff_name":"chateau arnoux saint auban","tkoff_icao":"LFMX"},{"fid":26063,"tkoff_name":"mantes cherence","tkoff_icao":"LFFC"},{"fid":26104,"tkoff_name":"sisteron vaumeilh","tkoff_icao":"LFNS"},{"fid":26219,"tkoff_name":"moret episy","tkoff_icao":"LFPU"},{"fid":26224,"tkoff_name":"mantes cherence","tkoff_icao":"LFFC"},{"fid":26226,"tkoff_name":"mantes cherence","tkoff_icao":"LFFC"},{"fid":26226,"tkoff_name":"mantes cherence","tkoff_icao":"LFFC"},{"fid":26242,"tkoff_name":"mantes cherence","tkoff_icao":"LFFC"},{"fid":26242,"tkoff_name":"mantes cherence","tkoff_icao":"LFFC"},{"fid":26243,"tkoff_name":"mantes cherence","tkoff_icao":"LFFC"},{"fid":26243,"tkoff_name":"mantes cherence","tkoff_icao":"LFFC"},{"fid":26284,"tkoff_name":"mantes cherence","tkoff_icao":"LFFC"},{"fid":26286,"tkoff_name":"mantes cherence","tkoff_icao":"LFFC"},{"fid":26419,"tkoff_name":"itxassou","tkoff_icao":"LFIX"},{"fid":26453,"tkoff_name":"itxassou","tkoff_icao":"LFIX"},{"fid":26556,"tkoff_name":"moret episy","tkoff_icao":"LFPU"},{"fid":26605,"tkoff_name":"joinville mussey","tkoff_icao":"LFFJ"},{"fid":26649,"tkoff_name":"joinville mussey","tkoff_icao":"LFFJ"},{"fid":26673,"tkoff_name":"moret episy","tkoff_icao":"LFPU"},{"fid":26673,"tkoff_name":"moret episy","tkoff_icao":"LFPU"},{"fid":26860,"tkoff_name":"moret episy","tkoff_icao":"LFPU"},{"fid":27074,"tkoff_name":"condom valence sur baise","tkoff_icao":"LFID"},{"fid":27130,"tkoff_name":"moret episy","tkoff_icao":"LFPU"},{"fid":27136,"tkoff_name":"coulommiers voisins","tkoff_icao":"LFPK"},{"fid":27141,"tkoff_name":"mantes cherence","tkoff_icao":"LFFC"},{"fid":27181,"tkoff_name":"condom valence sur baise","tkoff_icao":"LFID"},{"fid":27376,"tkoff_name":"mantes cherence","tkoff_icao":"LFFC"},{"fid":27377,"tkoff_name":"mantes cherence","tkoff_icao":"LFFC"},{"fid":27378,"tkoff_name":"mantes cherence","tkoff_icao":"LFFC"},{"fid":27440,"tkoff_name":"grenoble le versoud","tkoff_icao":"LFLG"},{"fid":27485,"tkoff_name":"mantes cherence","tkoff_icao":"LFFC"},{"fid":27486,"tkoff_name":"mantes cherence","tkoff_icao":"LFFC"},{"fid":27487,"tkoff_name":"mantes cherence","tkoff_icao":"LFFC"},{"fid":27488,"tkoff_name":"mantes cherence","tkoff_icao":"LFFC"},{"fid":27491,"tkoff_name":"moret episy","tkoff_icao":"LFPU"},{"fid":27610,"tkoff_name":"saint sulpice des landes","tkoff_icao":"LFSS"},{"fid":27615,"tkoff_name":"saint sulpice des landes","tkoff_icao":"LFSS"},{"fid":27725,"tkoff_name":"saint sulpice des landes","tkoff_icao":"LFSS"},{"fid":27794,"tkoff_name":"saint sulpice des landes","tkoff_icao":"LFSS"},{"fid":27794,"tkoff_name":"saint sulpice des landes","tkoff_icao":"LFSS"},{"fid":27866,"tkoff_name":"tours le louroux","tkoff_icao":"LFJT"},{"fid":27876,"tkoff_name":"tours le louroux","tkoff_icao":"LFJT"},{"fid":28079,"tkoff_name":"coulommiers voisins","tkoff_icao":"LFPK"},{"fid":28291,"tkoff_name":"bastia centre hospitalier","tkoff_icao":""},{"fid":29177,"tkoff_name":"bastia centre hospitalier","tkoff_icao":""},{"fid":30202,"tkoff_name":"sisteron vaumeilh","tkoff_icao":"LFNS"},{"fid":30255,"tkoff_name":"itxassou","tkoff_icao":"LFIX"},{"fid":30256,"tkoff_name":"itxassou","tkoff_icao":"LFIX"},{"fid":30323,"tkoff_name":"escary aramits","tkoff_icao":""},{"fid":30527,"tkoff_name":"sedan douzy","tkoff_icao":"LFSJ"},{"fid":30552,"tkoff_name":"sedan douzy","tkoff_icao":"LFSJ"},{"fid":30583,"tkoff_name":"saint sulpice des landes","tkoff_icao":"LFSS"},{"fid":30675,"tkoff_name":"graulhet montdragon","tkoff_icao":"LFCQ"},{"fid":30713,"tkoff_name":"graulhet montdragon","tkoff_icao":"LFCQ"},{"fid":31025,"tkoff_name":"bailleau armenonville","tkoff_icao":"LFFL"},{"fid":31026,"tkoff_name":"salmbach","tkoff_icao":""},{"fid":31085,"tkoff_name":"saint sulpice des landes","tkoff_icao":"LFSS"},{"fid":31150,"tkoff_name":"graulhet montdragon","tkoff_icao":"LFCQ"},{"fid":31164,"tkoff_name":"graulhet montdragon","tkoff_icao":"LFCQ"},{"fid":31391,"tkoff_name":"salmbach","tkoff_icao":""},{"fid":31407,"tkoff_name":"saint sulpice des landes","tkoff_icao":"LFSS"},{"fid":32935,"tkoff_name":"escary aramits","tkoff_icao":""},{"fid":32981,"tkoff_name":"graulhet montdragon","tkoff_icao":"LFCQ"},{"fid":32982,"tkoff_name":"graulhet montdragon","tkoff_icao":"LFCQ"},{"fid":33172,"tkoff_name":"bailleau armenonville","tkoff_icao":"LFFL"},{"fid":33301,"tkoff_name":"beynes thivernal","tkoff_icao":"LFPF"},{"fid":33357,"tkoff_name":"beynes thivernal","tkoff_icao":"LFPF"},{"fid":33361,"tkoff_name":"beynes thivernal","tkoff_icao":"LFPF"},{"fid":33491,"tkoff_name":"beynes thivernal","tkoff_icao":"LFPF"},{"fid":33517,"tkoff_name":"beynes thivernal","tkoff_icao":"LFPF"},{"fid":33678,"tkoff_name":"sedan douzy","tkoff_icao":"LFSJ"},{"fid":33805,"tkoff_name":"sedan douzy","tkoff_icao":"LFSJ"},{"fid":33997,"tkoff_name":"salmbach","tkoff_icao":""},{"fid":33998,"tkoff_name":"salmbach","tkoff_icao":""},{"fid":34120,"tkoff_name":"toulouse bourg saint bernard","tkoff_icao":"LFIT"},{"fid":34207,"tkoff_name":"toulouse bourg saint bernard","tkoff_icao":"LFIT"},{"fid":34312,"tkoff_name":"beynes thivernal","tkoff_icao":"LFPF"},{"fid":34312,"tkoff_name":"beynes thivernal","tkoff_icao":"LFPF"},{"fid":34600,"tkoff_name":"falaise monts d eraines","tkoff_icao":"LFAS"},{"fid":34608,"tkoff_name":"falaise monts d eraines","tkoff_icao":"LFAS"},{"fid":36091,"tkoff_name":"beynes thivernal","tkoff_icao":"LFPF"},{"fid":36695,"tkoff_name":"chateau arnoux saint auban","tkoff_icao":"LFMX"},{"fid":36699,"tkoff_name":"vinon","tkoff_icao":"LFNF"},{"fid":37133,"tkoff_name":"escary aramits","tkoff_icao":""},{"fid":37134,"tkoff_name":"escary aramits","tkoff_icao":""},{"fid":37715,"tkoff_name":"buno bonnevaux","tkoff_icao":"LFFB"},{"fid":37725,"tkoff_name":"buno bonnevaux","tkoff_icao":"LFFB"},{"fid":39222,"tkoff_name":"beynes thivernal","tkoff_icao":"LFPF"},{"fid":39238,"tkoff_name":"beynes thivernal","tkoff_icao":"LFPF"}]
